Unnamed: 0,Ovhd,Alt_Ovhd,CONTROL
Arizona State University-Skysong,0.34,0.215258571205,1
University of Missouri-Columbia,0.37,1.32144453312,1
East Carolina University,0.39,1.1717996499,1
Naval Postgraduate School,0.4,0.54058538656,1
University of the District of Columbia-David A Clarke School of Law,0.6,0.421337579618,1
Colorado State University-Fort Collins,0.63,0.552227595668,1
Louisiana Tech University,0.64,0.469623496945,1
Salisbury University,0.65,0.6790058862,1
Tarleton State University,0.66,0.542445679636,1
West Chester University of Pennsylvania,0.67,0.542024488891,1
Winona State University,0.67,0.50285375097,1
Montana Tech of the University of Montana,0.69,0.655190456258,1
Rutgers University-Newark,0.7,0.478699276252,1
Southwestern Oklahoma State University,0.7,0.424683212117,1
Indiana University of Pennsylvania-Main Campus,0.7,0.553587621308,1
Central Michigan University,0.7,0.876752235814,1
Texas Tech University,0.71,0.746628507371,1
Millersville University of Pennsylvania,0.73,0.717459560431,1
Shippensburg University of Pennsylvania,0.73,0.590416305291,1
Bloomsburg University of Pennsylvania,0.73,0.605813919067,1
Iowa State University,0.74,0.572286523239,1
Western Michigan University,0.74,0.655075136983,1
University of Central Arkansas,0.75,0.562281687574,1
Plymouth State University,0.75,0.878050452427,1
South Dakota School of Mines and Technology,0.75,0.662704073546,1
Marshall University,0.76,0.631727347386,1
Colorado Mesa University,0.77,0.711269892822,1
CUNY Hunter College,0.78,0.486217999625,1
Slippery Rock University of Pennsylvania,0.78,0.560754532092,1
Old Dominion University,0.78,0.735096740457,1
James Madison University,0.78,0.727981483737,1
University of Washington-Tacoma Campus,0.78,0.5021158946,1
Northeastern State University,0.79,0.57351584128,1
Rutgers University-Camden,0.79,0.489848605578,1
Texas A & M University-College Station,0.79,0.738027931311,1
Appalachian State University,0.79,0.625031312625,1
Pennsylvania State University-Penn State Harrisburg,0.79,0.476454009736,1
University of Puerto Rico-Rio Piedras,0.8,0.411546186057,1
Missouri State University-Springfield,0.8,0.633747349288,1
University of Wisconsin-La Crosse,0.8,0.515778161331,1
West Texas A & M University,0.81,0.812735800958,1
CUNY City College,0.81,0.549256505576,1
Mississippi University for Women,0.82,0.65411590993,1
Ferris State University,0.82,0.77996814478,1
University of Puerto Rico-Medical Sciences,0.82,0.572423518577,1
University of Wisconsin-Eau Claire,0.83,0.62519962194,1
Eastern Virginia Medical School,0.83,0.451609509783,1
Arizona State University-Polytechnic,0.83,0.584111135229,1
Miami University-Oxford,0.83,0.758664991317,1
Rhode Island College,0.83,0.622847637459,1
Middle Tennessee State University,0.84,0.634389857369,1
Portland State University,0.84,0.894743476617,1
University of Wisconsin-Whitewater,0.85,0.545170355869,1
University of Louisiana at Lafayette,0.85,0.845334988185,1
University of Maryland-College Park,0.85,0.855437022434,1
Grand Valley State University,0.85,0.622743436296,1
Southern Connecticut State University,0.85,0.545437739337,1
Michigan Technological University,0.86,0.855784288602,1
Minnesota State University Moorhead,0.86,0.503351920306,1
Colorado School of Mines,0.86,0.801382144191,1
Virginia Polytechnic Institute and State University,0.87,0.923717036037,1
Texas A & M University-Texarkana,0.87,0.743700984482,1
University of Michigan-Dearborn,0.88,0.66899274943,1
The University of Texas Rio Grande Valley,0.88,0.665811458378,1
Arkansas Tech University,0.88,0.725958239388,1
University of Northern Colorado,0.88,0.790959608031,1
Texas A & M University-Corpus Christi,0.88,0.89140512197,1
University of North Carolina at Chapel Hill,0.88,1.63300082445,1
Shepherd University,0.89,0.900331439394,1
The University of Texas at Dallas,0.89,0.86762030383,1
Radford University,0.89,0.727707258396,1
Florida State University,0.89,0.919793383709,1
George Mason University,0.89,0.891995416872,1
Eastern Michigan University,0.89,0.693308642384,1
Lamar University,0.9,0.676699692518,1
Louisiana State University-Shreveport,0.9,0.707454289733,1
Youngstown State University,0.9,0.817003864515,1
The University of Tennessee-Chattanooga,0.9,0.676435787749,1
Langston University,0.9,0.661191468497,1
University of North Texas,0.91,0.682245143725,1
Virginia State University,0.92,0.894933457857,1
SUNY at Binghamton,0.92,0.758381818492,1
Texas Woman's University,0.92,0.805955222918,1
Southeastern Louisiana University,0.92,0.713534194165,1
Florida Gulf Coast University,0.93,0.722592887311,1
Valdosta State University,0.93,0.771275355561,1
Texas A & M University-Commerce,0.93,0.908416988417,1
Texas Southern University,0.94,0.659582587255,1
Central Connecticut State University,0.94,0.516076280568,1
University of New Hampshire-School of Law,0.95,0.979532163743,1
University of Akron Main Campus,0.95,0.715604329525,1
Bowling Green State University-Main Campus,0.95,0.909956610222,1
Angelo State University,0.95,0.730705097666,1
University of Louisiana at Monroe,0.96,0.531997716302,1
Western Illinois University,0.96,0.59459240013,1
Northwestern State University of Louisiana,0.96,0.680174964621,1
University of Nebraska at Omaha,0.96,0.85511053316,1
California University of Pennsylvania,0.97,0.767429008672,1
The University of Texas at Tyler,0.97,0.848531959312,1
University of New Hampshire-Main Campus,0.97,1.22536397737,1
Indiana University-Purdue University-Indianapolis,0.97,1.11101874942,1
Minnesota State University-Mankato,0.97,0.541820564756,1
The University of Texas at Brownsville,0.97,0.860514834206,1
Stephen F Austin State University,0.98,0.748674410764,1
Towson University,0.98,0.973307790549,1
Georgia College and State University,0.98,0.803146217845,1
University of Massachusetts-Amherst,0.98,0.820423994789,1
Texas State University,1.0,0.786175983762,1
Southern University Law Center,1.0,0.890350877193,1
Stony Brook University,1.0,0.810464812697,1
Florida Agricultural and Mechanical University,1.0,0.95301212804,1
Saginaw Valley State University,1.0,0.765569331623,1
Arizona State University-Downtown Phoenix,1.0,0.735377762549,1
Northern Michigan University,1.01,0.774030509098,1
Murray State University,1.01,0.657957732029,1
Prairie View A & M University,1.01,0.639197219419,1
University of Wisconsin-Milwaukee,1.01,0.793741177029,1
University of Hawaii at Hilo,1.02,0.484848484848,1
University of South Alabama,1.02,0.736699593842,1
Indiana University-Bloomington,1.02,1.05922583517,1
Oregon State University,1.02,0.902348098023,1
Pittsburg State University,1.02,0.777685221482,1
University of Colorado Colorado Springs,1.02,0.488106461672,1
University of North Carolina Wilmington,1.02,0.745478322546,1
Winston-Salem State University,1.02,0.88106320964,1
University of Minnesota-Duluth,1.02,0.831247807274,1
Missouri University of Science and Technology,1.03,0.808222005957,1
University of Wisconsin-Oshkosh,1.03,0.685085699667,1
University of Memphis,1.03,0.603004703142,1
Tennessee Technological University,1.03,0.465028758077,1
California State University-Fresno,1.04,0.611428341644,1
Armstrong State University,1.04,0.887848669445,1
Grambling State University,1.04,0.853758659027,1
Georgia Southern University,1.04,0.942932258001,1
University of Hawaii at Manoa,1.04,0.603594608088,1
Columbus State University,1.04,0.833192567568,1
University of Missouri-Kansas City,1.05,0.878442887252,1
University of Rhode Island,1.05,0.797981094831,1
Arizona State University-West,1.05,0.699773216259,1
Oakland University,1.05,0.701062689766,1
SUNY Polytechnic Institute,1.05,0.711775483011,1
Arkansas State University-Main Campus,1.06,0.935967175406,1
University of Wisconsin-Stevens Point,1.06,0.75357912074,1
University of Southern Mississippi,1.06,1.01637439037,1
Texas A & M University-Kingsville,1.06,0.874612654234,1
College of Staten Island CUNY,1.06,0.682282045847,1
University of Oregon,1.06,0.99472261133,1
Pennsylvania State University-Dickinson Law,1.06,0.744305973356,1
University of Houston-Clear Lake,1.06,0.966725908373,1
California State University-Long Beach,1.06,0.709302472809,1
Washburn University,1.07,0.78766580352,1
Western Carolina University,1.07,0.755022126007,1
Sam Houston State University,1.07,0.868328109134,1
Clemson University,1.07,0.939772846676,1
College of William and Mary,1.08,0.947121392216,1
Frostburg State University,1.08,0.901223481872,1
Northern Kentucky University,1.08,0.693063873446,1
Eastern Washington University,1.08,0.794530299884,1
Saint Cloud State University,1.08,0.590534085975,1
Utah State University,1.08,0.962817425107,1
California State University-Los Angeles,1.09,0.737473846493,1
West Virginia University,1.09,0.919556835375,1
Jacksonville State University,1.09,0.67093317458,1
University of North Carolina at Charlotte,1.09,0.884404608836,1
Morgan State University,1.1,1.02468754388,1
Ball State University,1.1,0.795923232805,1
California State University-Fullerton,1.1,0.766085574177,1
San Francisco State University,1.1,0.815044081786,1
Fayetteville State University,1.1,0.799580667706,1
University of North Georgia,1.1,0.835596406935,1
Northern Arizona University,1.1,0.869813722688,1
The University of Montana,1.11,1.00841351966,1
The University of Texas at El Paso,1.11,1.00236428625,1
University of Southern Indiana,1.12,0.86094040303,1
University of Kansas,1.12,1.09311229032,1
University of Michigan-Flint,1.13,0.843127306273,1
Delta State University,1.13,0.721971252567,1
University of Alaska Anchorage,1.13,0.83712058775,1
Michigan State University,1.13,1.0846928787,1
University of Toledo,1.13,0.812829369036,1
Southern University and A & M College,1.14,0.799232158988,1
University of Wyoming,1.14,0.754435939464,1
Dakota State University,1.14,1.04392725031,1
Emporia State University,1.14,1.0375,1
Idaho State University,1.14,0.984316044377,1
Bowie State University,1.15,1.10588519055,1
Troy University,1.15,0.767176090556,1
Montclair State University,1.15,0.889732435292,1
University of Massachusetts-Lowell,1.15,0.952764627066,1
East Tennessee State University,1.15,0.8407065521,1
William Paterson University of New Jersey,1.16,0.745397035219,1
Wayne State University,1.16,0.892173071495,1
University at Buffalo,1.16,0.840400712452,1
University of California-Santa Barbara,1.17,1.04650476582,1
University of Oklahoma-Norman Campus,1.17,1.10994561371,1
California State University-Stanislaus,1.17,0.825674349025,1
California State University-Northridge,1.17,0.788766161486,1
University of Nebraska-Lincoln,1.17,1.08194921841,1
Boise State University,1.17,1.00509094171,1
University of Cincinnati-Main Campus,1.17,0.974592266813,1
University of Maryland Eastern Shore,1.18,1.25021031126,1
University of Pittsburgh-Pittsburgh Campus,1.18,0.915495061831,1
Florida Atlantic University,1.18,1.39196937384,1
North Carolina A & T State University,1.18,1.01582093702,1
Indiana State University,1.18,0.797864831481,1
University of West Georgia,1.19,0.951510758431,1
University of Colorado Boulder,1.19,1.3896433491,1
South Dakota State University,1.19,0.775551405643,1
Coastal Carolina University,1.19,0.692313152104,1
University of Massachusetts-Dartmouth,1.2,1.04885965416,1
Western Kentucky University,1.21,0.708683584457,1
California State University-Sacramento,1.21,0.784129503839,1
California State Polytechnic University-Pomona,1.21,0.821990885726,1
University of Wisconsin-Stout,1.21,0.86326579261,1
University of North Texas at Dallas,1.21,1.02150308708,1
North Carolina Central University,1.22,1.01359962975,1
Wright State University-Main Campus,1.22,1.03441771132,1
University of Arkansas at Little Rock,1.22,0.794207683073,1
University of Puerto Rico-Mayaguez,1.23,0.61073455901,1
Adams State University,1.23,1.15425715271,1
University of Houston,1.23,1.17009219836,1
University of Central Florida,1.23,1.28711440843,1
University of South Carolina-Columbia,1.23,1.11960385763,1
Temple University,1.24,0.92712708093,1
San Diego State University,1.24,0.775700544868,1
Purdue University-Calumet Campus,1.24,1.01471343028,1
Eastern Kentucky University,1.25,0.910758359097,1
University of California-Hastings College of Law,1.25,1.01884689432,1
University of Louisville,1.25,1.11114169706,1
Alabama State University,1.25,0.713070456365,1
University of Nevada-Las Vegas,1.25,0.829884129174,1
Virginia Commonwealth University,1.25,1.09845641165,1
Kent State University at Kent,1.25,1.19186554622,1
University of Northern Iowa,1.25,1.09785307434,1
Southern Illinois University-Edwardsville,1.26,0.806965131663,1
SUNY at Albany,1.26,1.04653327129,1
San Jose State University,1.26,0.828800629447,1
University of Maryland-Baltimore County,1.26,1.31918044927,1
Kean University,1.27,0.99923540386,1
University of North Carolina at Greensboro,1.27,0.975120499008,1
University of South Florida-Main Campus,1.28,1.16053871264,1
Governors State University,1.29,1.01061700945,1
University of Massachusetts-Boston,1.3,0.773007566414,1
Oklahoma State University-Main Campus,1.3,0.981634988716,1
Auburn University at Montgomery,1.3,1.17553378902,1
Western Connecticut State University,1.31,0.792593745138,1
Northern Illinois University,1.31,1.02928824567,1
University of Vermont,1.33,1.01313506353,1
Cleveland State University,1.34,1.08194048104,1
University of Utah,1.34,1.35768936159,1
University of Baltimore,1.34,1.13528820681,1
Morehead State University,1.34,0.737119730799,1
University of Virginia-Main Campus,1.35,1.12165151441,1
Norfolk State University,1.35,1.07040918426,1
University of Missouri-St Louis,1.35,0.964540363338,1
University of Southern Maine,1.36,0.803756101597,1
Texas A & M International University,1.36,1.13846481574,1
Washington State University,1.36,1.21701897855,1
University of Delaware,1.36,1.02486560218,1
Ohio University-Main Campus,1.37,1.14179569922,1
University of South Dakota,1.37,1.01398096784,1
The University of Alabama,1.38,1.08822192685,1
Georgia State University,1.38,0.998234431909,1
Auburn University,1.38,1.07704431753,1
Arizona State University-Tempe,1.39,1.27899808763,1
Purdue University-Main Campus,1.39,1.13804853387,1
University of North Florida,1.39,1.38407329105,1
University of Arkansas for Medical Sciences,1.39,0.785637862672,1
SUNY College of Environmental Science and Forestry,1.39,0.882023615635,1
University of Arkansas,1.39,1.14158617438,1
University of Maine,1.39,0.759037836067,1
The University of Texas at San Antonio,1.4,1.14299233752,1
The University of Texas at Arlington,1.4,1.21150345832,1
Kansas State University,1.4,1.21967161387,1
University of California-Irvine,1.41,1.25180209333,1
University of Alaska Fairbanks,1.41,1.24588010509,1
Tennessee State University,1.44,0.748176019823,1
California State University-San Bernardino,1.44,1.01621870769,1
Indiana University-Purdue University-Fort Wayne,1.44,1.07076566125,1
University of Illinois at Springfield,1.45,1.13976574775,1
New Jersey Institute of Technology,1.45,0.971869817132,1
Jackson State University,1.46,1.23264162853,1
University of Wisconsin-Madison,1.47,1.2038862707,1
University of Illinois at Chicago,1.47,1.06694678813,1
Montana State University,1.47,1.21152235427,1
University of California-Riverside,1.48,1.15153373465,1
University of Colorado Denver/Anschutz Medical Campus,1.48,1.12981840194,1
CUNY Graduate School and University Center,1.48,1.07345762983,1
University of Georgia,1.48,1.08419651887,1
The University of Tennessee-Knoxville,1.5,1.19221918309,1
Alabama A & M University,1.5,1.02896863886,1
University of Kentucky,1.5,1.54590114812,1
Kennesaw State University,1.51,1.42282488808,1
Kennesaw State University,1.51,1.42282488808,1
The University of West Florida,1.51,1.52281090667,1
Stockton University,1.51,1.03709536308,1
Delaware State University,1.52,0.715158068825,1
University of Florida,1.54,1.20040056079,1
CUNY School of Law,1.56,1.16978530628,1
University of Iowa,1.57,1.16438485189,1
University of Washington-Seattle Campus,1.57,1.51377839435,1
Florida International University,1.58,1.39734738012,1
Rowan University,1.58,1.2122673829,1
University of Arizona,1.58,1.34343274112,1
University of Nevada-Reno,1.58,1.19424713282,1
University of New Mexico-Main Campus,1.59,1.40813742159,1
North Dakota State University-Main Campus,1.6,1.15916919119,1
University of Idaho,1.61,1.13870975533,1
University of North Dakota,1.61,1.10046942373,1
University of Arkansas at Pine Bluff,1.61,1.07457240593,1
University of Alabama at Birmingham,1.61,1.2516672169,1
University of Michigan-Ann Arbor,1.63,1.25540732618,1
Louisiana State University and Agricultural & Mechanical College,1.63,1.38276427985,1
South Carolina State University,1.64,0.932104839431,1
University of New Orleans,1.65,1.40313549832,1
Illinois State University,1.65,1.02786750165,1
Chicago State University,1.65,0.979021366102,1
University of Illinois at Urbana-Champaign,1.66,1.24406127096,1
University of California-Los Angeles,1.67,1.54575592517,1
The University of Texas at Austin,1.68,1.58570838496,1
Wichita State University,1.69,1.37620858499,1
Coppin State University,1.72,1.5673717763,1
Pennsylvania State University-Main Campus,1.73,1.46835066184,1
California State University-East Bay,1.75,1.22437663091,1
University of California-Davis,1.76,1.41487142359,1
New Jersey City University,1.77,0.800046873169,1
University of Minnesota-Twin Cities,1.78,1.4848482567,1
Ohio State University-Main Campus,1.81,1.69787839575,1
University of California-Santa Cruz,1.82,1.62406884745,1
University of Connecticut,1.84,1.34426975321,1
Southern Illinois University-Carbondale,1.86,1.03100425025,1
North Carolina State University at Raleigh,1.87,1.31746933357,1
Metropolitan State University,1.9,0.949091677229,1
"University of Maryland, Baltimore",1.92,1.54550744058,1
Mississippi State University,1.93,1.2644438096,1
University of California-Merced,1.94,1.62080777503,1
SUNY College of Optometry,1.97,1.25077147962,1
New Mexico State University-Main Campus,1.98,1.46294005797,1
Kentucky State University,2.02,1.23953419811,1
University of California-Berkeley,2.03,1.75473452242,1
University of California-San Diego,2.06,1.81039183434,1
University of Oklahoma-Health Sciences Center,2.21,1.55162598456,1
Louisiana State University Health Sciences Center-New Orleans,2.34,1.85292389853,1
Upstate Medical University,2.38,1.08586184635,1
Rutgers University-New Brunswick,2.55,1.66859143554,1
University of Nebraska Medical Center,2.58,2.26537742748,1
University of Alabama in Huntsville,2.62,2.3661512489,1
The University of Texas Health Science Center at Houston,2.73,1.92782829937,1
Medical University of South Carolina,2.89,2.49622751016,1
Texas Tech University Health Sciences Center,2.9,1.7895474102,1
SUNY Downstate Medical Center,2.95,1.55691332881,1
